MEMBER,,IMAGE,URL,YEAR,TAG,REQUESTS
elly,,https://64.media.tumblr.com/03c7c21213e83e7ba96d7a90b180cb88/054c67494fb53504-11/s540x810/c9d35751befd5b0422ec6b7547d00df79e8c8188.png,fakehelper,founding admin,elly,times
charlie / binx,,https://64.media.tumblr.com/02d2cf39546beb3462b7d7e9055dc57c/673e012d8c59c2cf-a0/s1280x1920/6950e7e923f3a7050ea0aa6ed90c3f0f07c9c2ad.png,binxhelps,admin since 2014,charlie,times
becca,,https://64.media.tumblr.com/5ad6259acc3dc741bf1cb36aec49b2c2/e61feed4ffcdeea3-09/s500x750/67447d024aae5624efc80e186d95b303028169a1.png,beccaxwrites,member since 2019,becca,check
bettina,,https://64.media.tumblr.com/55d4650b5c55d29a2492176aa12425d1/611f9bb50c6d5a9f-06/s2048x3072/4e1c79b6c03085f150cfd1a1b18bde93c818b194.png,bettinarps,member since 2017,bettina,times
cain,,https://64.media.tumblr.com/55d4650b5c55d29a2492176aa12425d1/611f9bb50c6d5a9f-06/s2048x3072/4e1c79b6c03085f150cfd1a1b18bde93c818b194.png,cainwrites,member since 2018,cain,times
cassandra,,https://64.media.tumblr.com/55d4650b5c55d29a2492176aa12425d1/611f9bb50c6d5a9f-06/s2048x3072/4e1c79b6c03085f150cfd1a1b18bde93c818b194.png,jessicacapshaw,member since 2019,cassandra,times
diana,,https://64.media.tumblr.com/dd73ddfb2dedd72e48c35bd7f846d17d/e61feed4ffcdeea3-be/s500x750/afb2b76d38de895d4f43cd2f1819edc1b0ff9cf5.png,gomezisabellas,member since 2015,diana,times
ellen,,https://64.media.tumblr.com/e5a3bda2238357aea1585419b340c979/054c67494fb53504-04/s500x750/b3687256cab089034d1a053dac14752efd2610ef.png,ellenhelpsrps,member since 2017,ellen,times
enci,,https://64.media.tumblr.com/b98f4134330bf6d35fa7b3e4dc34f15f/227b0078e4c791be-2f/s640x960/d90d7036c3c7dc8d9d92dd88cd24a497ccb519a0.png,jcylenz,member since 2018,enci,times
hecate,,https://64.media.tumblr.com/835ce9f1007edc6f95f51c64d953bb66/3017af2080cbc9a7-b2/s640x960/62e71f1abc3f80467891b786ffc4ab4cb461ee90.png,galatcias,member since 2018,hecate,times
ivy,,https://64.media.tumblr.com/55d4650b5c55d29a2492176aa12425d1/611f9bb50c6d5a9f-06/s2048x3072/4e1c79b6c03085f150cfd1a1b18bde93c818b194.png,ivywrites,member since 2016,ivy,times
joss,,https://64.media.tumblr.com/55d4650b5c55d29a2492176aa12425d1/611f9bb50c6d5a9f-06/s2048x3072/4e1c79b6c03085f150cfd1a1b18bde93c818b194.png,josshelps,member since 2017,joss,times
kate,,https://64.media.tumblr.com/55d4650b5c55d29a2492176aa12425d1/611f9bb50c6d5a9f-06/s2048x3072/4e1c79b6c03085f150cfd1a1b18bde93c818b194.png,katesgifsrp,member since 2018,kate,times
kilo,,https://64.media.tumblr.com/28a7926f215dd08d8cd22c0cd402a9ed/9d920099aebf19d3-46/s540x810/5fe69559d3602a3487e7420301e51a0b392384dc.png,ofthcstars,member since 2016,kilo,times
kristy,,https://64.media.tumblr.com/47e2084df9421065085df3937b0f4431/3ad00b50790dd05a-56/s540x810/0dbd318e3fbcbf37365ae28d4363f9437d8bf7b3.png,deathofthewaters,member since 2017,kristy,times
laura,,https://64.media.tumblr.com/99fd21bc3bedd91c236787c61b849f8b/9d920099aebf19d3-43/s540x810/c3796a6da31f6f88f61b9bff86965a37759d8405.png,jsnmomoa,member since 2019,laura,times
lauren,,https://64.media.tumblr.com/b5983b05f254d65c59fa317e25e37f21/ce1b8e0d627404fa-a8/s500x750/984bf5256a0a0840ac3efa5b9205b689bbadd8b4.png,lesbitsch,member since 2018,lauren,times
lolo,,https://64.media.tumblr.com/7df1f4f4a7b7d5954b9c31842d4ef0f2/2be5cb274f00cdb2-1b/s540x810/9b13a1f29d95df5477d72c1c04fbbf4eaf84c689.png,londonrphs,member since 2018,lolo,times
luci,,https://64.media.tumblr.com/a984d713c5cc87334d355504496c7056/227b0078e4c791be-a9/s640x960/df600443468de0a602ca5f5f6b79b87a4d815438.png,rnarquezine,member since 2018,luci,times
lucy,,https://64.media.tumblr.com/bd9e34e0840fa3ec8a08a6e082109e57/e61feed4ffcdeea3-38/s500x750/8f4ba19d83f50311cf7fdeb0f49ead7486f1a3e0.png,fierytragcdy,member since 2019,lucy,times
mars,,https://64.media.tumblr.com/4322dea4c9f1c455501d8ba0d2c5c87d/2755efa079fa0451-20/s400x600/52d9a6f16a7cf76bc203948d58ad2d230b38ed83.png,rcserph,member since 2018,mars,times
meredith,,https://64.media.tumblr.com/d10dd5766d4d86963e5f23ee755f7a63/e61feed4ffcdeea3-c7/s500x750/b3d2a37ca437160d1ae6d460ab08f0a45bfc824b.png,helenawus,member since 2019,meredith,times
molly,,https://64.media.tumblr.com/55d4650b5c55d29a2492176aa12425d1/611f9bb50c6d5a9f-06/s2048x3072/4e1c79b6c03085f150cfd1a1b18bde93c818b194.png,mnemxsynerp,member since 2018,molly,times
pea,,https://64.media.tumblr.com/55d4650b5c55d29a2492176aa12425d1/611f9bb50c6d5a9f-06/s2048x3072/4e1c79b6c03085f150cfd1a1b18bde93c818b194.png,swcnbella,member since 2019,pea,times
relle,,https://64.media.tumblr.com/55d4650b5c55d29a2492176aa12425d1/611f9bb50c6d5a9f-06/s2048x3072/4e1c79b6c03085f150cfd1a1b18bde93c818b194.png,rellerps,member since 2019,relle,times
sophia,,https://64.media.tumblr.com/55d4650b5c55d29a2492176aa12425d1/611f9bb50c6d5a9f-06/s2048x3072/4e1c79b6c03085f150cfd1a1b18bde93c818b194.png,steinfeldofrph,member since 2016,sophia,times
sydney,,https://64.media.tumblr.com/6d2cdd925e088cedbac91a46360048ae/227b0078e4c791be-cd/s640x960/450615ba4afd96a80702522883784219297d848f.png,gracgifs,member since 2017,sydney,times
tess,,https://64.media.tumblr.com/5028e0d095ca813be1a7120fcdb42ebe/d95aeae28b043966-ed/s640x960/ec72cd4f47f1344ff4ec81e9c475609a544ea87e.png,baharsahins,member since 2015,tess,times
tina,,https://64.media.tumblr.com/c2c3e6530262bc568d678446947c08c6/7b8cf4f8e434fad9-0d/s640x960/579967c2e4a5fe0d92dac1a4bf24eb45d172b6c3.png,tinasresources,member since 2015,tina,times
valerie,,https://64.media.tumblr.com/60830be3eee5fadd76275600fb2d1f4d/9d5dab368fe7bcb5-c0/s640x960/9be1dddac159f55917a814891e9d51d84ed96c78.png,osvaldrps,member since 2018,valerie,times
vee,,https://64.media.tumblr.com/52e634942c3d59646cfa6f8d7b7aae8e/054c67494fb53504-07/s540x810/9c298f49b3c203a66763cdd899a26bb9c443438b.png,merrittrps,member since 2016,vee,times
zoey,,https://64.media.tumblr.com/adbcf723142d6ce35f6e9800a75fafa5/9d920099aebf19d3-d1/s540x810/8449ed808f91d935b530416868564eaa790ee962.png,azianxpersuasionwrites,member since 2017,zoey,times
name,,https://64.media.tumblr.com/55d4650b5c55d29a2492176aa12425d1/611f9bb50c6d5a9f-06/s2048x3072/4e1c79b6c03085f150cfd1a1b18bde93c818b194.png,url,member since 201X,name,times
name,,https://64.media.tumblr.com/55d4650b5c55d29a2492176aa12425d1/611f9bb50c6d5a9f-06/s2048x3072/4e1c79b6c03085f150cfd1a1b18bde93c818b194.png,url,member since 201X,name,times
name,,https://64.media.tumblr.com/55d4650b5c55d29a2492176aa12425d1/611f9bb50c6d5a9f-06/s2048x3072/4e1c79b6c03085f150cfd1a1b18bde93c818b194.png,url,member since 201X,name,times
name,,https://64.media.tumblr.com/55d4650b5c55d29a2492176aa12425d1/611f9bb50c6d5a9f-06/s2048x3072/4e1c79b6c03085f150cfd1a1b18bde93c818b194.png,url,member since 201X,name,times
alex,,https://64.media.tumblr.com/55d4650b5c55d29a2492176aa12425d1/611f9bb50c6d5a9f-06/s2048x3072/4e1c79b6c03085f150cfd1a1b18bde93c818b194.png,boyiega,not yet added,alex,times
ariel,,https://64.media.tumblr.com/55d4650b5c55d29a2492176aa12425d1/611f9bb50c6d5a9f-06/s2048x3072/4e1c79b6c03085f150cfd1a1b18bde93c818b194.png,arielrpt,not yet added,ariel,times
crys,,https://64.media.tumblr.com/55d4650b5c55d29a2492176aa12425d1/611f9bb50c6d5a9f-06/s2048x3072/4e1c79b6c03085f150cfd1a1b18bde93c818b194.png,leejiuen,not yet added,crys,times
lori,,https://64.media.tumblr.com/55d4650b5c55d29a2492176aa12425d1/611f9bb50c6d5a9f-06/s2048x3072/4e1c79b6c03085f150cfd1a1b18bde93c818b194.png,badpcks,not yet added,lori,times
maura,,https://64.media.tumblr.com/55d4650b5c55d29a2492176aa12425d1/611f9bb50c6d5a9f-06/s2048x3072/4e1c79b6c03085f150cfd1a1b18bde93c818b194.png,maurawrites,not yet added,maura,times
min,,https://64.media.tumblr.com/afd1cb5839842beef01efd411b482a70/71ad9171b23db24b-73/s640x960/40b5128252601358019870b62b0007a59d6a50e8.png,orneryrps,not yet added,min,times
mousse,,https://64.media.tumblr.com/3124345257d7dd9dda4a3911052ce241/71ad9171b23db24b-ea/s640x960/3a505778ccb9d0854d90693286d544e860207ba8.png,wifeymakesgifs,not yet added,mouse,times
natalie,,https://64.media.tumblr.com/cbf46b654422a3d246222ff668387344/71ad9171b23db24b-21/s640x960/611b86007c3caa6493b69ac0c99ea16a104360af.png,olivaraofrph,not yet added,natalie,times
raquel,,https://64.media.tumblr.com/9b497c6a2911b36e6cb07cde7607f3b6/71ad9171b23db24b-82/s640x960/3887d81c49ba2739bbfadf38c6d51e1113609580.png,olliviacooke,not yet added,raquel,times
steph,,https://64.media.tumblr.com/55d4650b5c55d29a2492176aa12425d1/611f9bb50c6d5a9f-06/s2048x3072/4e1c79b6c03085f150cfd1a1b18bde93c818b194.png,villainresources,not yet added,steph,times
yulia,,https://64.media.tumblr.com/55d4650b5c55d29a2492176aa12425d1/611f9bb50c6d5a9f-06/s2048x3072/4e1c79b6c03085f150cfd1a1b18bde93c818b194.png,sacreddonkey,not yet added,yulia,times
yvonne,,https://64.media.tumblr.com/1054e214c1f330a9e30654970dc51bd4/71ad9171b23db24b-b4/s640x960/b94bff00598717e71fdb4e20811620b3cd431af3.png,blakehelps,not yet added,yvonne,times